customerID,creditCardNumber,creditCardName,expiryMonth,expiryYear
1,5048378651250720,Jordan C,3,2030
2,5048378651250730,Alexandra,7,2024
3,5048378651250740,Inge,4,2024
4,5048378651250750,Van,1,2025
5,5048378651250760,Ros,7,2029
6,5048378651250770,Arabela,10,2026
7,5048378651250780,Vidovic,6,2023
8,5048378651250790,Gabriel,4,2030
9,5048378651250800,Dalt,11,2023
10,5048378651250810,Hersh,3,2023
11,5048378651250820,Kaycee,6,2026
12,5048378651250830,Brand,12,2027
13,5048378651250840,Ellissa,11,2022
14,5048378651250850,Grover,9,2029
15,5048378651250860,Dorice,7,2022
16,5048378651250870,Doll,12,2030
17,5048378651250880,Alvie,7,2024
18,5048378651250890,Forester,6,2027
19,5048378651250900,Valentia,4,2024
20,5048378651250910,Tynan,9,2027
21,5048378651250920,Egbert,2,2021
22,5048378651250930,Elton,5,2025
23,5048378651250940,Horst,4,2025
24,5048378651250950,Merill,5,2024
25,5048378651250960,Ignacius,12,2023
26,5048378651250970,Shelly,10,2025
27,5048378651250980,Atalanta,12,2021
28,5048378651250990,Jaymie,6,2030
29,5048378651251000,Trudie,11,2029
30,5048378651251010,Elsie,9,2025
31,5048378651251020,Bellina,5,2028
32,5048378651251030,Alyss,2,2027
33,5048378651251040,Monika,1,2029
34,5048378651251050,Lauri,11,2028
35,5048378651251060,Aeriell,10,2023
36,5048378651251070,Krisha,11,2022
37,5048378651251080,Hayden,4,2023
38,5048378651251090,Monica,2,2029
39,5048378651251100,Biddy,3,2029
40,5048378651251110,Ralph,12,2021
41,5048378651251120,Temp,9,2025
42,5048378651251130,Lotte,3,2022
43,5048378651251140,Dorothee,1,2021
44,5048378651251150,Hammad,4,2024
45,5048378651251160,Amelita,9,2026
46,5048378651251170,Jarrod,10,2023
47,5048378651251180,Isis,1,2027
48,5048378651251190,Reggie,10,2027
49,5048378651251200,Gunilla,6,2021
50,5048378651251210,Bell,1,2025
51,5048378651251220,Meier,9,2026
52,5048378651251230,Borden,10,2025
53,5048378651251240,Sigismondo,8,2024
54,5048378651251250,Gerty,5,2023
55,5048378651251260,Ainsley,3,2024
56,5048378651251270,Alida,8,2026
57,5048378651251280,Phyllys,11,2024
58,5048378651251290,Netti,11,2027
59,5048378651251300,Shalom,10,2026
60,5048378651251310,Nollie,3,2027
61,5048378651251320,Georgette,8,2028
62,5048378651251330,Mendie,8,2023
63,5048378651251340,Gnni,6,2026
64,5048378651251350,Thorsten,7,2022
65,5048378651251360,Elfrieda,11,2024
66,5048378651251370,Harvey,12,2024
67,5048378651251380,Wendi,8,2027
68,5048378651251390,Franciska,4,2029
69,5048378651251400,Curr,3,2022
70,5048378651251410,Sharona,10,2028
71,5048378651251420,Jeffie,11,2030
72,5048378651251430,Darcey,11,2021
73,5048378651251440,Johann,6,2023
74,5048378651251450,Delilah,12,2022
75,5048378651251460,Rasia,6,2023
76,5048378651251470,Marla,6,2027
77,5048378651251480,Andi,4,2023
78,5048378651251490,Lottie,3,2028
79,5048378651251500,Kylila,1,2025
80,5048378651251510,Wenda,7,2028
81,5048378651251520,Esdras,5,2027
82,5048378651251530,Jock,3,2027
83,5048378651251540,Fifi,5,2027
84,5048378651251550,Davina,12,2022
85,5048378651251560,Bernadine,1,2021
86,5048378651251570,Livvie,1,2023
87,5048378651251580,Pet,9,2028
88,5048378651251590,Sharona,1,2029
89,5048378651251600,Phil,12,2025
90,5048378651251610,Alaine,4,2027
91,5048378651251620,Renee,9,2022
92,5048378651251630,Gillie,1,2022
93,5048378651251640,Preston,4,2024
94,5048378651251650,Phylys,3,2022
95,5048378651251660,Jeniece,9,2026
96,5048378651251670,Sigrid,2,2024
97,5048378651251680,Dionisio,8,2021
98,5048378651251690,Hermione,6,2028
99,5048378651251700,Amory,2,2023
100,5048378651251710,Regina,12,2023
101,5048378651251720,Ebeneser,2,2021
102,5048378651251730,Mallorie,7,2029
103,5048378651251740,Beryle,9,2030
104,5048378651251750,Gwenore,11,2029
105,5048378651251760,Syd,9,2022
106,5048378651251770,Urbain,1,2028
107,5048378651251780,Bernhard,5,2027
108,5048378651251790,Eleanore,8,2028
109,5048378651251800,Clifford,1,2024
110,5048378651251810,Antonina,6,2023
111,5048378651251820,Domenico,6,2026
112,5048378651251830,Dayle,1,2024
113,5048378651251840,Seumas,12,2022
114,5048378651251850,Allianora,7,2023
115,5048378651251860,Leilah,3,2025
116,5048378651251870,Rupert,1,2023
117,5048378651251880,Sofie,1,2026
118,5048378651251890,Derril,3,2024
119,5048378651251900,Consolata,5,2023
120,5048378651251910,Marj,7,2023
121,5048378651251920,Mord,6,2030
122,5048378651251930,Loralyn,11,2029
123,5048378651251940,Major,3,2028
124,5048378651251950,Lorna,6,2021
125,5048378651251960,Matilde,3,2027
126,5048378651251970,Caddric,1,2023
127,5048378651251980,Genvieve,8,2030
128,5048378651251990,Jesus,6,2028
129,5048378651252000,Alice,1,2024
130,5048378651252010,Wyatt,5,2030
131,5048378651252020,Adelbert,5,2029
132,5048378651252030,Evonne,1,2021
133,5048378651252040,Albertine,6,2023
134,5048378651252050,Debi,6,2023
135,5048378651252060,Xaviera,12,2021
136,5048378651252070,Latrina,2,2027
137,5048378651252080,Bert,7,2029
138,5048378651252090,Jodi,10,2027
139,5048378651252100,Morganica,3,2025
140,5048378651252110,Emelita,6,2023
141,5048378651252120,Elsy,3,2023
142,5048378651252130,Germaine,2,2021
143,5048378651252140,Wilden,4,2027
144,5048378651252150,Danyelle,4,2025
145,5048378651252160,Blakeley,7,2029
146,5048378651252170,Henryetta,11,2022
147,5048378651252180,Iago,3,2021
148,5048378651252190,Freeland,3,2025
149,5048378651252200,Kliment,6,2029
150,5048378651252210,Kris,5,2022
1,5048378651252220,Bogey,12,2026
2,5048378651252230,Alexandra,2,2029
3,5048378651252240,Inge,5,2023
4,5048378651252250,Van,4,2027
5,5048378651252260,Ros,3,2025
6,5048378651252270,Arabela,1,2029
7,5048378651252280,Vidovic,6,2024
8,5048378651252290,Gabriel,2,2027
9,5048378651252300,Dalt,9,2027
10,5048378651252310,Hersh,1,2028
11,5048378651252320,Kaycee,3,2021
12,5048378651252330,Brand,1,2023
13,5048378651252340,Ellissa,3,2028
14,5048378651252350,Grover,8,2023
15,5048378651252360,Dorice,7,2023
16,5048378651252370,Doll,2,2023
17,5048378651252380,Alvie,4,2030
18,5048378651252390,Forester,5,2030
19,5048378651252400,Valentia,12,2028
20,5048378651252410,Tynan,1,2024
21,5048378651252420,Egbert,8,2027
22,5048378651252430,Elton,11,2029
23,5048378651252440,Horst,7,2023
24,5048378651252450,Merill,5,2026
25,5048378651252460,Ignacius,10,2025
26,5048378651252470,Shelly,8,2029
27,5048378651252480,Atalanta,1,2029
28,5048378651252490,Jaymie,5,2025
29,5048378651252500,Trudie,3,2026
30,5048378651252510,Elsie,7,2022
31,5048378651252520,Bellina,12,2028
32,5048378651252530,Alyss,5,2022
33,5048378651252540,Monika,3,2027
34,5048378651252550,Lauri,8,2025
35,5048378651252560,Aeriell,1,2024
36,5048378651252570,Krisha,3,2028
37,5048378651252580,Hayden,3,2028
38,5048378651252590,Monica,10,2029
39,5048378651252600,Biddy,7,2029
40,5048378651252610,Ralph,7,2030
41,5048378651252620,Temp,8,2026
42,5048378651252630,Lotte,11,2027
43,5048378651252640,Dorothee,7,2021
44,5048378651252650,Hammad,3,2030
45,5048378651252660,Amelita,5,2021
46,5048378651252670,Jarrod,4,2023
47,5048378651252680,Isis,9,2027
48,5048378651252690,Reggie,8,2022
49,5048378651252700,Gunilla,11,2029
50,5048378651252710,Bell,1,2023
51,5048378651252720,Meier,6,2023
52,5048378651252730,Borden,3,2021
53,5048378651252740,Sigismondo,5,2022
54,5048378651252750,Gerty,11,2028
55,5048378651252760,Ainsley,9,2023
56,5048378651252770,Alida,3,2029
57,5048378651252780,Phyllys,9,2027
58,5048378651252790,Netti,4,2022
59,5048378651252800,Shalom,11,2024
60,5048378651252810,Nollie,4,2023
61,5048378651252820,Georgette,2,2025
62,5048378651252830,Mendie,3,2022
63,5048378651252840,Gnni,8,2021
64,5048378651252850,Thorsten,2,2024
65,5048378651252860,Elfrieda,2,2028
66,5048378651252870,Harvey,11,2023
67,5048378651252880,Wendi,6,2027
68,5048378651252890,Franciska,10,2027
69,5048378651252900,Curr,6,2030
70,5048378651252910,Sharona,10,2022
71,5048378651252920,Jeffie,10,2029
72,5048378651252930,Darcey,7,2022
73,5048378651252940,Johann,4,2023
74,5048378651252950,Delilah,2,2021
75,5048378651252960,Rasia,3,2021
76,5048378651252970,Marla,11,2025
77,5048378651252980,Andi,2,2021
78,5048378651252990,Lottie,8,2028
79,5048378651253000,Kylila,5,2027
80,5048378651253010,Wenda,11,2022
81,5048378651253020,Esdras,8,2030
82,5048378651253030,Jock,9,2029
83,5048378651253040,Fifi,10,2025
84,5048378651253050,Davina,5,2022
85,5048378651253060,Bernadine,8,2023
86,5048378651253070,Livvie,3,2030
87,5048378651253080,Pet,2,2025
88,5048378651253090,Sharona,4,2026
89,5048378651253100,Phil,8,2023
90,5048378651253110,Alaine,3,2030
91,5048378651253120,Renee,4,2023
92,5048378651253130,Gillie,3,2025
93,5048378651253140,Preston,4,2025
94,5048378651253150,Phylys,1,2028
95,5048378651253160,Jeniece,6,2026
96,5048378651253170,Sigrid,11,2022
97,5048378651253180,Dionisio,7,2029
98,5048378651253190,Hermione,10,2028
99,5048378651253200,Amory,5,2028
100,5048378651253210,Regina,9,2021
101,5048378651253220,Ebeneser,9,2027
102,5048378651253230,Mallorie,2,2029
103,5048378651253240,Beryle,10,2024
104,5048378651253250,Gwenore,7,2026
105,5048378651253260,Syd,2,2028
106,5048378651253270,Urbain,2,2024
107,5048378651253280,Bernhard,2,2027
108,5048378651253290,Eleanore,4,2024
109,5048378651253300,Clifford,12,2022
110,5048378651253310,Antonina,12,2026
111,5048378651253320,Domenico,1,2027
112,5048378651253330,Dayle,8,2025
113,5048378651253340,Seumas,5,2029
114,5048378651253350,Allianora,11,2028
115,5048378651253360,Leilah,6,2030
116,5048378651253370,Rupert,2,2022
117,5048378651253380,Sofie,12,2030
118,5048378651253390,Derril,8,2024
119,5048378651253400,Consolata,11,2028
120,5048378651253410,Marj,10,2024
121,5048378651253420,Mord,1,2024
122,5048378651253430,Loralyn,8,2025
123,5048378651253440,Major,4,2021
124,5048378651253450,Lorna,3,2024
125,5048378651253460,Matilde,9,2023
126,5048378651253470,Caddric,1,2024
127,5048378651253480,Genvieve,6,2023
128,5048378651253490,Jesus,7,2028
129,5048378651253500,Alice,12,2026
130,5048378651253510,Wyatt,8,2030
131,5048378651253520,Adelbert,9,2024
132,5048378651253530,Evonne,3,2026
133,5048378651253540,Albertine,3,2029
134,5048378651253550,Debi,12,2024
135,5048378651253560,Xaviera,12,2026
136,5048378651253570,Latrina,3,2026
137,5048378651253580,Bert,4,2029
138,5048378651253590,Jodi,3,2030
139,5048378651253600,Morganica,12,2026
140,5048378651253610,Emelita,5,2026
141,5048378651253620,Elsy,4,2023
142,5048378651253630,Germaine,12,2025
143,5048378651253640,Wilden,2,2022
144,5048378651253650,Danyelle,9,2023
145,5048378651253660,Blakeley,8,2029
146,5048378651253670,Henryetta,4,2021
147,5048378651253680,Iago,4,2022
148,5048378651253690,Freeland,2,2025
149,5048378651253700,Kliment,10,2023
150,5048378651253710,Kris,2,2030
