orderID,status,orderPlacedTimeStamp,riderDepartForResTimeStamp,riderArriveAtResTimeStamp,riderCollectOrderTimeStamp,riderDeliverOrderTimeStamp,specialRequest,deliveryAddress,riderID,deliveryID
1,TRUE,2020-04-07 19:42:26,2020-04-07 19:49:26,2020-04-07 19:49:26,2020-04-07 19:52:26,2020-04-07 19:53:26,Please pack nicely. Thanks,11 Farragut Terrace,1,5
2,TRUE,2020-04-13 16:32:48,2020-04-13 16:37:48,2020-04-13 16:45:48,2020-04-13 16:47:48,2020-04-13 16:53:48,in magna bibendum imperdiet nullam orci pede venenatis non sodales sed tincidunt eu felis fusce posuere felis sed lacus morbi,8507 Del Sol Hill,3,2
3,TRUE,2020-04-08 16:19:33,2020-04-08 16:27:33,2020-04-08 16:31:33,2020-04-08 16:32:33,2020-04-08 16:41:33,luctus et ultrices posuere cubilia curae duis faucibus accumsan odio curabitur convallis duis consequat dui,25928 Village Way,5,4
4,TRUE,2020-04-09 19:58:04,2020-04-09 20:04:04,2020-04-09 20:10:04,2020-04-09 20:15:04,2020-04-09 20:24:04,,03 Eastwood Junction,7,1
5,TRUE,2020-04-19 19:14:47,2020-04-19 19:18:47,2020-04-19 19:26:47,2020-04-19 19:29:47,2020-04-19 19:33:47,,32 Katie Way,9,2
6,TRUE,2020-04-20 10:40:51,2020-04-20 10:47:51,2020-04-20 10:49:51,2020-04-20 10:55:51,2020-04-20 11:04:51,sodales sed tincidunt eu felis fusce posuere felis sed lacus morbi sem mauris laoreet ut rhoncus aliquet,659 Cambridge Lane,11,4
7,TRUE,2020-04-11 13:21:19,2020-04-11 13:21:19,2020-04-11 13:30:19,2020-04-11 13:37:19,2020-04-11 13:41:19,,69614 Ludington Circle,13,9
8,TRUE,2020-04-16 21:43:41,2020-04-16 21:44:41,2020-04-16 21:45:41,2020-04-16 21:48:41,2020-04-16 21:49:41,,2 Lunder Point,15,4
9,TRUE,2020-04-26 20:58:27,2020-04-26 21:05:27,2020-04-26 21:08:27,2020-04-26 21:15:27,2020-04-26 21:23:27,non lectus aliquam sit amet diam in magna bibendum imperdiet nullam orci pede venenatis non sodales sed tincidunt,8880 Fair Oaks Terrace,17,3
10,TRUE,2020-04-27 17:17:47,2020-04-27 17:22:47,2020-04-27 17:25:47,2020-04-27 17:27:47,2020-04-27 17:27:47,,82 Novick Street,19,2
11,TRUE,2020-04-20 20:24:14,2020-04-20 20:26:14,2020-04-20 20:34:14,2020-04-20 20:39:14,2020-04-20 20:43:14,dignissim vestibulum vestibulum ante ipsum primis in faucibus orci luctus et ultrices posuere,817 Loeprich Circle,21,7
12,TRUE,2020-04-14 20:19:42,2020-04-14 20:23:42,2020-04-14 20:29:42,2020-04-14 20:34:42,2020-04-14 20:40:42,quam pede lobortis ligula sit amet eleifend pede libero quis orci nullam molestie nibh in lectus pellentesque at nulla,18 Graceland Trail,23,2
13,TRUE,2020-04-03 11:14:21,2020-04-03 11:14:21,2020-04-03 11:16:21,2020-04-03 11:25:21,2020-04-03 11:29:21,,6191 Mariners Cove Drive,25,5
14,TRUE,2020-04-02 12:39:05,2020-04-02 12:47:05,2020-04-02 12:49:05,2020-04-02 12:54:05,2020-04-02 12:59:05,,2 Forest Avenue,27,4
15,TRUE,2020-04-02 14:57:15,2020-04-02 15:01:15,2020-04-02 15:03:15,2020-04-02 15:12:15,2020-04-02 15:20:15,,74400 Esker Center,29,6
16,TRUE,2020-04-10 18:51:06,2020-04-10 18:53:06,2020-04-10 19:00:06,2020-04-10 19:06:06,2020-04-10 19:12:06,rhoncus dui vel sem sed sagittis nam congue risus semper porta volutpat quam pede lobortis ligula,43724 Schmedeman Plaza,31,5
17,TRUE,2020-04-01 14:06:44,2020-04-01 14:11:44,2020-04-01 14:14:44,2020-04-01 14:23:44,2020-04-01 14:23:44,,123 Barnett Pass,33,4
18,TRUE,2020-04-21 19:31:22,2020-04-21 19:38:22,2020-04-21 19:44:22,2020-04-21 19:51:22,2020-04-21 19:51:22,vestibulum ante ipsum primis in faucibus orci luctus et ultrices posuere cubilia curae nulla dapibus dolor vel est donec,41395 Crest Line Terrace,35,4
19,TRUE,2020-04-18 11:07:55,2020-04-18 11:09:55,2020-04-18 11:11:55,2020-04-18 11:11:55,2020-04-18 11:19:55,,08464 Fordem Alley,37,8
20,TRUE,2020-04-09 11:33:30,2020-04-09 11:41:30,2020-04-09 11:43:30,2020-04-09 11:44:30,2020-04-09 11:49:30,,33 Warrior Crossing,39,7
21,TRUE,2020-04-01 18:16:56,2020-04-01 18:23:56,2020-04-01 18:26:56,2020-04-01 18:26:56,2020-04-01 18:27:56,,9087 Carey Trail,41,6
22,TRUE,2020-04-03 16:53:16,2020-04-03 16:56:16,2020-04-03 16:59:16,2020-04-03 17:06:16,2020-04-03 17:11:16,,096 Claremont Lane,43,8
23,TRUE,2020-04-11 18:51:39,2020-04-11 18:58:39,2020-04-11 18:58:39,2020-04-11 19:07:39,2020-04-11 19:14:39,luctus ultricies eu nibh quisque id justo sit amet sapien dignissim vestibulum vestibulum ante ipsum primis in,9 Washington Alley,45,1
24,TRUE,2020-04-27 18:27:22,2020-04-27 18:31:22,2020-04-27 18:35:22,2020-04-27 18:37:22,2020-04-27 18:39:22,,12 Helena Center,47,3
25,TRUE,2020-04-10 14:56:14,2020-04-10 15:04:14,2020-04-10 15:07:14,2020-04-10 15:09:14,2020-04-10 15:12:14,volutpat erat quisque erat eros viverra eget congue eget semper rutrum nulla nunc purus,490 Goodland Center,49,7
26,TRUE,2020-04-11 11:14:38,2020-04-11 11:19:38,2020-04-11 11:24:38,2020-04-11 11:25:38,2020-04-11 11:26:38,,9 Anhalt Avenue,51,7
27,TRUE,2020-04-07 14:17:55,2020-04-07 14:17:55,2020-04-07 14:21:55,2020-04-07 14:25:55,2020-04-07 14:27:55,,454 Hauk Center,53,7
28,TRUE,2020-04-29 10:10:32,2020-04-29 10:13:32,2020-04-29 10:18:32,2020-04-29 10:18:32,2020-04-29 10:19:32,,3 Mockingbird Circle,55,8
29,TRUE,2020-04-06 21:08:33,2020-04-06 21:15:33,2020-04-06 21:15:33,2020-04-06 21:24:33,2020-04-06 21:26:33,,349 Dapin Place,57,9
30,TRUE,2020-04-10 21:01:28,2020-04-10 21:05:28,2020-04-10 21:08:28,2020-04-10 21:12:28,2020-04-10 21:12:28,molestie nibh in lectus pellentesque at nulla suspendisse potenti cras in purus eu magna vulputate,782 Spaight Avenue,59,4
31,TRUE,2020-04-03 14:51:35,2020-04-03 14:51:35,2020-04-03 14:51:35,2020-04-03 14:54:35,2020-04-03 14:57:35,,8 Springview Center,61,2
32,TRUE,2020-04-03 14:33:00,2020-04-03 14:39:00,2020-04-03 14:41:00,2020-04-03 14:47:00,2020-04-03 14:55:00,,6793 Oak Valley Center,63,9
33,TRUE,2020-04-22 16:00:57,2020-04-22 16:06:57,2020-04-22 16:06:57,2020-04-22 16:15:57,2020-04-22 16:23:57,,42746 5th Alley,65,3
34,TRUE,2020-04-13 18:54:06,2020-04-13 18:56:06,2020-04-13 19:00:06,2020-04-13 19:06:06,2020-04-13 19:08:06,dui proin leo odio porttitor id consequat in consequat ut nulla sed accumsan felis ut at dolor quis,04851 Coolidge Court,67,8
35,TRUE,2020-04-26 11:44:55,2020-04-26 11:49:55,2020-04-26 11:49:55,2020-04-26 11:55:55,2020-04-26 12:02:55,,11938 Dahle Alley,69,2
36,TRUE,2020-04-19 15:58:21,2020-04-19 16:00:21,2020-04-19 16:08:21,2020-04-19 16:16:21,2020-04-19 16:16:21,,22946 Transport Terrace,71,8
37,TRUE,2020-04-15 12:29:03,2020-04-15 12:32:03,2020-04-15 12:34:03,2020-04-15 12:34:03,2020-04-15 12:37:03,blandit ultrices enim lorem ipsum dolor sit amet consectetuer adipiscing elit proin interdum,2 Crowley Trail,73,7
38,TRUE,2020-04-02 16:43:54,2020-04-02 16:52:54,2020-04-02 16:58:54,2020-04-02 17:03:54,2020-04-02 17:07:54,,40558 Miller Point,75,9
39,TRUE,2020-04-22 11:01:09,2020-04-22 11:08:09,2020-04-22 11:11:09,2020-04-22 11:16:09,2020-04-22 11:22:09,,6 Parkside Pass,77,9
40,TRUE,2020-04-17 15:26:04,2020-04-17 15:26:04,2020-04-17 15:32:04,2020-04-17 15:40:04,2020-04-17 15:43:04,accumsan tellus nisi eu orci mauris lacinia sapien quis libero nullam sit amet turpis elementum ligula vehicula consequat morbi,3 Sutherland Circle,79,10
41,TRUE,2020-04-29 10:25:45,2020-04-29 10:33:45,2020-04-29 10:42:45,2020-04-29 10:51:45,2020-04-29 10:53:45,,625 Artisan Trail,81,2
42,TRUE,2020-04-07 20:48:38,2020-04-07 20:48:38,2020-04-07 20:56:38,2020-04-07 21:05:38,2020-04-07 21:12:38,in eleifend quam a odio in hac habitasse platea dictumst maecenas ut massa quis augue luctus,07694 Marquette Lane,83,1
43,TRUE,2020-04-26 19:52:21,2020-04-26 19:52:21,2020-04-26 19:55:21,2020-04-26 20:01:21,2020-04-26 20:07:21,et ultrices posuere cubilia curae donec pharetra magna vestibulum aliquet ultrices erat tortor sollicitudin mi sit amet lobortis sapien,9101 Dunning Avenue,85,7
44,TRUE,2020-04-06 11:55:30,2020-04-06 12:00:30,2020-04-06 12:07:30,2020-04-06 12:15:30,2020-04-06 12:16:30,pede justo lacinia eget tincidunt eget tempus vel pede morbi porttitor lorem id,44 Mcguire Terrace,87,3
45,TRUE,2020-04-19 20:55:07,2020-04-19 20:59:07,2020-04-19 20:59:07,2020-04-19 21:00:07,2020-04-19 21:01:07,,2 Linden Parkway,89,3
46,TRUE,2020-04-06 10:24:52,2020-04-06 10:26:52,2020-04-06 10:35:52,2020-04-06 10:35:52,2020-04-06 10:39:52,,54944 Sage Park,91,2
47,TRUE,2020-04-15 16:26:01,2020-04-15 16:29:01,2020-04-15 16:32:01,2020-04-15 16:41:01,2020-04-15 16:45:01,nunc donec quis orci eget orci vehicula condimentum curabitur in,3729 Northridge Terrace,93,3
48,TRUE,2020-04-18 21:10:26,2020-04-18 21:18:26,2020-04-18 21:24:26,2020-04-18 21:27:26,2020-04-18 21:30:26,,50997 Dwight Circle,95,9
49,TRUE,2020-04-04 17:20:46,2020-04-04 17:28:46,2020-04-04 17:37:46,2020-04-04 17:46:46,2020-04-04 17:51:46,,3672 Hoepker Point,97,6
50,TRUE,2020-04-17 15:46:31,2020-04-17 15:55:31,2020-04-17 15:55:31,2020-04-17 15:59:31,2020-04-17 16:08:31,convallis tortor risus dapibus augue vel accumsan tellus nisi eu,66032 Del Mar Plaza,99,2
51,TRUE,2020-04-17 15:57:29,2020-04-17 16:04:29,2020-04-17 16:11:29,2020-04-17 16:13:29,2020-04-17 16:14:29,varius nulla facilisi cras non velit nec nisi vulputate nonummy maecenas tincidunt lacus at velit vivamus vel nulla eget,5 Maple Hill,2,2
52,TRUE,2020-04-03 14:31:40,2020-04-03 14:31:40,2020-04-03 14:32:40,2020-04-03 14:36:40,2020-04-03 14:42:40,,7141 Vernon Plaza,4,4
53,TRUE,2020-04-25 19:05:25,2020-04-25 19:09:25,2020-04-25 19:11:25,2020-04-25 19:19:25,2020-04-25 19:23:25,mauris ullamcorper purus sit amet nulla quisque arcu libero rutrum ac lobortis vel dapibus at,5818 Carberry Terrace,6,8
54,TRUE,2020-04-08 14:28:48,2020-04-08 14:33:48,2020-04-08 14:40:48,2020-04-08 14:40:48,2020-04-08 14:47:48,,69080 Autumn Leaf Circle,8,3
55,TRUE,2020-04-19 15:37:44,2020-04-19 15:46:44,2020-04-19 15:53:44,2020-04-19 16:02:44,2020-04-19 16:04:44,,92 Prairie Rose Hill,10,6
56,TRUE,2020-04-23 14:50:05,2020-04-23 14:51:05,2020-04-23 14:54:05,2020-04-23 14:56:05,2020-04-23 15:04:05,at feugiat non pretium quis lectus suspendisse potenti in eleifend quam a odio in,83 1st Hill,12,2
57,TRUE,2020-04-15 15:27:10,2020-04-15 15:32:10,2020-04-15 15:37:10,2020-04-15 15:46:10,2020-04-15 15:50:10,,371 Pierstorff Court,14,9
58,TRUE,2020-04-01 12:41:22,2020-04-01 12:48:22,2020-04-01 12:49:22,2020-04-01 12:54:22,2020-04-01 13:02:22,,27 Shasta Avenue,16,6
59,TRUE,2020-04-17 15:45:22,2020-04-17 15:48:22,2020-04-17 15:55:22,2020-04-17 16:02:22,2020-04-17 16:03:22,fermentum donec ut mauris eget massa tempor convallis nulla neque libero convallis,3 Cordelia Hill,18,10
60,TRUE,2020-04-21 16:12:45,2020-04-21 16:19:45,2020-04-21 16:28:45,2020-04-21 16:33:45,2020-04-21 16:39:45,,03 Vahlen Street,20,9
61,TRUE,2020-04-08 11:20:24,2020-04-08 11:21:24,2020-04-08 11:26:24,2020-04-08 11:32:24,2020-04-08 11:36:24,,831 Surrey Circle,22,8
62,TRUE,2020-04-13 17:53:42,2020-04-13 17:55:42,2020-04-13 17:58:42,2020-04-13 18:07:42,2020-04-13 18:13:42,,954 Nevada Center,24,2
63,TRUE,2020-04-29 11:37:28,2020-04-29 11:44:28,2020-04-29 11:47:28,2020-04-29 11:51:28,2020-04-29 11:51:28,,9780 Fremont Center,26,9
64,TRUE,2020-04-11 11:11:08,2020-04-11 11:16:08,2020-04-11 11:20:08,2020-04-11 11:24:08,2020-04-11 11:27:08,,00117 Coolidge Pass,28,1
65,TRUE,2020-04-19 16:03:03,2020-04-19 16:06:03,2020-04-19 16:09:03,2020-04-19 16:12:03,2020-04-19 16:15:03,,9 Elka Parkway,30,10
66,TRUE,2020-04-22 10:01:08,2020-04-22 10:01:08,2020-04-22 10:09:08,2020-04-22 10:18:08,2020-04-22 10:20:08,varius nulla facilisi cras non velit nec nisi vulputate nonummy maecenas tincidunt lacus at,64 Hauk Point,32,9
67,TRUE,2020-04-20 16:24:21,2020-04-20 16:31:21,2020-04-20 16:38:21,2020-04-20 16:43:21,2020-04-20 16:47:21,,26 Straubel Center,34,3
68,TRUE,2020-04-25 14:12:08,2020-04-25 14:17:08,2020-04-25 14:17:08,2020-04-25 14:22:08,2020-04-25 14:31:08,,1995 Stone Corner Road,36,5
69,TRUE,2020-04-27 14:45:29,2020-04-27 14:53:29,2020-04-27 14:53:29,2020-04-27 14:56:29,2020-04-27 14:56:29,suspendisse accumsan tortor quis turpis sed ante vivamus tortor duis mattis egestas metus,8416 Summerview Plaza,38,9
70,TRUE,2020-04-04 21:09:32,2020-04-04 21:14:32,2020-04-04 21:15:32,2020-04-04 21:19:32,2020-04-04 21:27:32,et ultrices posuere cubilia curae duis faucibus accumsan odio curabitur convallis duis consequat dui,96 Manitowish Trail,40,6
71,TRUE,2020-04-20 11:33:13,2020-04-20 11:34:13,2020-04-20 11:37:13,2020-04-20 11:40:13,2020-04-20 11:41:13,metus aenean fermentum donec ut mauris eget massa tempor convallis nulla neque,60844 Vidon Point,42,3
72,TRUE,2020-04-09 19:09:23,2020-04-09 19:09:23,2020-04-09 19:18:23,2020-04-09 19:25:23,2020-04-09 19:34:23,pharetra magna vestibulum aliquet ultrices erat tortor sollicitudin mi sit amet lobortis,2239 Dovetail Hill,44,10
73,TRUE,2020-04-16 20:50:43,2020-04-16 20:56:43,2020-04-16 21:02:43,2020-04-16 21:11:43,2020-04-16 21:16:43,,83 Nevada Pass,46,10
74,TRUE,2020-04-03 14:42:25,2020-04-03 14:49:25,2020-04-03 14:52:25,2020-04-03 14:55:25,2020-04-03 15:01:25,augue vestibulum rutrum rutrum neque aenean auctor gravida sem praesent id massa,85 West Park,48,5
75,TRUE,2020-04-06 13:12:51,2020-04-06 13:15:51,2020-04-06 13:21:51,2020-04-06 13:28:51,2020-04-06 13:33:51,,705 Doe Crossing Court,50,2
76,TRUE,2020-04-26 17:45:29,2020-04-26 17:48:29,2020-04-26 17:56:29,2020-04-26 18:02:29,2020-04-26 18:11:29,,0 Jenifer Center,52,2
77,TRUE,2020-04-05 15:55:57,2020-04-05 15:59:57,2020-04-05 16:02:57,2020-04-05 16:09:57,2020-04-05 16:14:57,amet consectetuer adipiscing elit proin interdum mauris non ligula pellentesque ultrices phasellus id sapien in,21 Meadow Vale Drive,54,8
78,TRUE,2020-04-02 18:52:54,2020-04-02 18:58:54,2020-04-02 19:01:54,2020-04-02 19:02:54,2020-04-02 19:06:54,,95 Coleman Terrace,56,2
79,TRUE,2020-04-18 16:26:03,2020-04-18 16:26:03,2020-04-18 16:29:03,2020-04-18 16:29:03,2020-04-18 16:30:03,,50 Little Fleur Avenue,58,6
80,TRUE,2020-04-23 20:50:04,2020-04-23 20:50:04,2020-04-23 20:56:04,2020-04-23 21:00:04,2020-04-23 21:01:04,,24 Nobel Way,60,3
81,TRUE,2020-04-03 10:19:37,2020-04-03 10:24:37,2020-04-03 10:26:37,2020-04-03 10:35:37,2020-04-03 10:36:37,,8894 Mandrake Parkway,62,7
82,TRUE,2020-04-07 12:43:51,2020-04-07 12:48:51,2020-04-07 12:54:51,2020-04-07 13:01:51,2020-04-07 13:06:51,,8465 Vera Junction,64,4
83,TRUE,2020-04-23 21:48:15,2020-04-23 21:50:15,2020-04-23 21:58:15,2020-04-23 22:00:15,2020-04-23 22:01:15,,2281 Rowland Pass,66,10
84,TRUE,2020-04-10 18:29:17,2020-04-10 18:30:17,2020-04-10 18:36:17,2020-04-10 18:42:17,2020-04-10 18:44:17,,41705 Reinke Circle,68,1
85,TRUE,2020-04-19 20:34:20,2020-04-19 20:38:20,2020-04-19 20:45:20,2020-04-19 20:53:20,2020-04-19 20:54:20,,84067 Acker Crossing,70,1
86,TRUE,2020-04-06 17:01:40,2020-04-06 17:08:40,2020-04-06 17:13:40,2020-04-06 17:16:40,2020-04-06 17:20:40,,222 Farwell Crossing,72,9
87,TRUE,2020-04-04 14:05:23,2020-04-04 14:14:23,2020-04-04 14:19:23,2020-04-04 14:23:23,2020-04-04 14:31:23,,0 Old Shore Plaza,74,3
88,TRUE,2020-04-09 17:12:03,2020-04-09 17:12:03,2020-04-09 17:15:03,2020-04-09 17:22:03,2020-04-09 17:27:03,,380 Farwell Pass,76,2
89,TRUE,2020-04-15 11:16:36,2020-04-15 11:20:36,2020-04-15 11:23:36,2020-04-15 11:32:36,2020-04-15 11:38:36,,333 Anhalt Drive,78,5
90,TRUE,2020-04-18 15:39:14,2020-04-18 15:39:14,2020-04-18 15:46:14,2020-04-18 15:51:14,2020-04-18 16:00:14,,6470 Nevada Center,80,5
91,TRUE,2020-04-12 13:57:30,2020-04-12 13:57:30,2020-04-12 14:04:30,2020-04-12 14:06:30,2020-04-12 14:14:30,nulla tellus in sagittis dui vel nisl duis ac nibh fusce,45 Main Point,82,2
92,TRUE,2020-04-15 12:29:03,2020-04-15 12:34:03,2020-04-15 12:43:03,2020-04-15 12:45:03,2020-04-15 12:52:03,amet eleifend pede libero quis orci nullam molestie nibh in lectus pellentesque at nulla suspendisse potenti cras in purus,84851 Eastlawn Place,84,3
93,TRUE,2020-04-25 14:28:44,2020-04-25 14:31:44,2020-04-25 14:32:44,2020-04-25 14:36:44,2020-04-25 14:38:44,consequat ut nulla sed accumsan felis ut at dolor quis odio consequat,8 Haas Road,86,10
94,TRUE,2020-04-20 13:28:54,2020-04-20 13:32:54,2020-04-20 13:32:54,2020-04-20 13:34:54,2020-04-20 13:37:54,lectus aliquam sit amet diam in magna bibendum imperdiet nullam orci pede venenatis non,7671 Cottonwood Trail,88,1
95,TRUE,2020-04-22 14:39:33,2020-04-22 14:42:33,2020-04-22 14:47:33,2020-04-22 14:49:33,2020-04-22 14:55:33,felis donec semper sapien a libero nam dui proin leo odio porttitor,066 Dunning Park,90,4
96,TRUE,2020-04-12 18:02:16,2020-04-12 18:02:16,2020-04-12 18:04:16,2020-04-12 18:06:16,2020-04-12 18:13:16,,816 Menomonie Center,92,1
97,TRUE,2020-04-17 10:42:47,2020-04-17 10:43:47,2020-04-17 10:43:47,2020-04-17 10:44:47,2020-04-17 10:44:47,vestibulum rutrum rutrum neque aenean auctor gravida sem praesent id massa id nisl venenatis,3022 Sutherland Crossing,94,10
98,TRUE,2020-04-26 14:04:41,2020-04-26 14:06:41,2020-04-26 14:14:41,2020-04-26 14:17:41,2020-04-26 14:24:41,magna bibendum imperdiet nullam orci pede venenatis non sodales sed,1548 Manley Circle,96,6
99,TRUE,2020-04-10 14:08:58,2020-04-10 14:08:58,2020-04-10 14:10:58,2020-04-10 14:14:58,2020-04-10 14:20:58,ultrices posuere cubilia curae nulla dapibus dolor vel est donec odio justo sollicitudin ut suscipit,9725 Loomis Avenue,98,6
100,TRUE,2020-04-24 18:20:27,2020-04-24 18:21:27,2020-04-24 18:25:27,2020-04-24 18:33:27,2020-04-24 18:39:27,,4 Straubel Center,100,9
101,TRUE,2020-05-24 18:33:49,2020-05-24 18:41:49,2020-05-24 18:48:49,2020-05-24 18:56:49,2020-05-24 19:02:49,,859 Dryden Alley,1,2
102,TRUE,2020-05-18 17:04:12,2020-05-18 17:10:12,2020-05-18 17:12:12,2020-05-18 17:19:12,2020-05-18 17:19:12,,4248 Old Gate Crossing,3,7
103,TRUE,2020-05-22 21:02:27,2020-05-22 21:05:27,2020-05-22 21:05:27,2020-05-22 21:11:27,2020-05-22 21:19:27,tortor sollicitudin mi sit amet lobortis sapien sapien non mi integer ac neque duis,7421 Barby Street,5,10
104,TRUE,2020-05-13 10:38:08,2020-05-13 10:46:08,2020-05-13 10:46:08,2020-05-13 10:50:08,2020-05-13 10:54:08,dignissim vestibulum vestibulum ante ipsum primis in faucibus orci luctus et ultrices posuere,265 Columbus Drive,7,8
105,TRUE,2020-05-20 17:16:35,2020-05-20 17:25:35,2020-05-20 17:26:35,2020-05-20 17:32:35,2020-05-20 17:38:35,,43 Schmedeman Lane,9,8
106,TRUE,2020-05-02 14:14:09,2020-05-02 14:23:09,2020-05-02 14:26:09,2020-05-02 14:29:09,2020-05-02 14:32:09,,992 Messerschmidt Crossing,11,4
107,TRUE,2020-05-08 17:47:23,2020-05-08 17:51:23,2020-05-08 17:56:23,2020-05-08 18:05:23,2020-05-08 18:06:23,,9 Graedel Way,13,4
108,TRUE,2020-05-15 19:12:22,2020-05-15 19:17:22,2020-05-15 19:20:22,2020-05-15 19:23:22,2020-05-15 19:24:22,,16 Vidon Crossing,15,3
109,TRUE,2020-05-14 20:44:30,2020-05-14 20:47:30,2020-05-14 20:47:30,2020-05-14 20:56:30,2020-05-14 20:58:30,vitae ipsum aliquam non mauris morbi non lectus aliquam sit amet diam in magna bibendum imperdiet nullam orci,55427 Thompson Drive,17,4
110,TRUE,2020-05-09 10:22:20,2020-05-09 10:27:20,2020-05-09 10:29:20,2020-05-09 10:34:20,2020-05-09 10:41:20,,606 Grover Crossing,19,2
111,TRUE,2020-05-15 21:17:54,2020-05-15 21:17:54,2020-05-15 21:17:54,2020-05-15 21:22:54,2020-05-15 21:30:54,,8 Dapin Parkway,21,5
112,TRUE,2020-05-29 12:39:58,2020-05-29 12:47:58,2020-05-29 12:52:58,2020-05-29 12:59:58,2020-05-29 13:05:58,,408 Hovde Junction,23,2
113,TRUE,2020-05-01 16:06:24,2020-05-01 16:13:24,2020-05-01 16:14:24,2020-05-01 16:23:24,2020-05-01 16:31:24,vulputate justo in blandit ultrices enim lorem ipsum dolor sit amet consectetuer adipiscing elit proin interdum mauris non ligula,3 Stephen Parkway,25,8
114,TRUE,2020-05-15 18:08:13,2020-05-15 18:17:13,2020-05-15 18:23:13,2020-05-15 18:26:13,2020-05-15 18:34:13,hendrerit at vulputate vitae nisl aenean lectus pellentesque eget nunc donec quis orci eget orci vehicula condimentum curabitur,23961 Kingsford Trail,27,6
115,TRUE,2020-05-26 11:19:57,2020-05-26 11:20:57,2020-05-26 11:25:57,2020-05-26 11:28:57,2020-05-26 11:33:57,,029 Marcy Park,29,6
116,TRUE,2020-05-27 21:18:33,2020-05-27 21:27:33,2020-05-27 21:33:33,2020-05-27 21:41:33,2020-05-27 21:49:33,,096 Independence Plaza,31,1
117,TRUE,2020-05-02 11:55:51,2020-05-02 12:02:51,2020-05-02 12:06:51,2020-05-02 12:09:51,2020-05-02 12:14:51,,141 Bartelt Hill,33,8
118,TRUE,2020-05-28 16:23:23,2020-05-28 16:29:23,2020-05-28 16:33:23,2020-05-28 16:36:23,2020-05-28 16:45:23,non sodales sed tincidunt eu felis fusce posuere felis sed lacus morbi sem,0351 Oak Center,35,6
119,TRUE,2020-05-22 11:43:21,2020-05-22 11:47:21,2020-05-22 11:53:21,2020-05-22 11:58:21,2020-05-22 12:06:21,,8 Dapin Plaza,37,9
120,TRUE,2020-05-03 13:31:25,2020-05-03 13:38:25,2020-05-03 13:38:25,2020-05-03 13:40:25,2020-05-03 13:49:25,,1 Chinook Terrace,39,8
121,TRUE,2020-05-30 20:04:28,2020-05-30 20:06:28,2020-05-30 20:14:28,2020-05-30 20:18:28,2020-05-30 20:23:28,nec nisi vulputate nonummy maecenas tincidunt lacus at velit vivamus vel nulla eget,121 Holmberg Street,41,8
122,TRUE,2020-05-25 19:21:53,2020-05-25 19:22:53,2020-05-25 19:27:53,2020-05-25 19:27:53,2020-05-25 19:28:53,tellus semper interdum mauris ullamcorper purus sit amet nulla quisque arcu libero rutrum,0855 Stone Corner Parkway,43,6
123,TRUE,2020-05-26 18:39:38,2020-05-26 18:39:38,2020-05-26 18:47:38,2020-05-26 18:49:38,2020-05-26 18:53:38,,400 Oriole Point,45,10
124,TRUE,2020-05-01 14:33:07,2020-05-01 14:38:07,2020-05-01 14:42:07,2020-05-01 14:45:07,2020-05-01 14:47:07,,709 Little Fleur Place,47,7
125,TRUE,2020-05-17 16:29:22,2020-05-17 16:30:22,2020-05-17 16:36:22,2020-05-17 16:38:22,2020-05-17 16:38:22,,0 Calypso Trail,49,8
126,TRUE,2020-05-14 11:37:39,2020-05-14 11:44:39,2020-05-14 11:53:39,2020-05-14 12:00:39,2020-05-14 12:00:39,,1 Park Meadow Plaza,51,2
127,TRUE,2020-05-13 19:08:59,2020-05-13 19:13:59,2020-05-13 19:14:59,2020-05-13 19:22:59,2020-05-13 19:23:59,,2927 Delladonna Junction,53,3
128,TRUE,2020-05-25 13:58:33,2020-05-25 13:59:33,2020-05-25 14:01:33,2020-05-25 14:05:33,2020-05-25 14:09:33,,38519 Rusk Lane,55,9
129,TRUE,2020-05-27 14:07:26,2020-05-27 14:14:26,2020-05-27 14:23:26,2020-05-27 14:23:26,2020-05-27 14:24:26,,4 Division Street,57,10
130,TRUE,2020-05-09 12:54:38,2020-05-09 12:59:38,2020-05-09 13:04:38,2020-05-09 13:07:38,2020-05-09 13:11:38,,417 5th Lane,59,8
131,TRUE,2020-05-30 19:14:05,2020-05-30 19:23:05,2020-05-30 19:24:05,2020-05-30 19:32:05,2020-05-30 19:36:05,,705 Grim Road,61,5
132,TRUE,2020-05-20 18:02:02,2020-05-20 18:06:02,2020-05-20 18:06:02,2020-05-20 18:10:02,2020-05-20 18:13:02,,34 Meadow Vale Lane,63,2
133,TRUE,2020-05-03 21:26:28,2020-05-03 21:34:28,2020-05-03 21:43:28,2020-05-03 21:44:28,2020-05-03 21:45:28,curae mauris viverra diam vitae quam suspendisse potenti nullam porttitor lacus at turpis donec posuere metus,1259 Gale Pass,65,3
134,TRUE,2020-05-01 14:31:21,2020-05-01 14:39:21,2020-05-01 14:46:21,2020-05-01 14:47:21,2020-05-01 14:52:21,,15479 Eastwood Plaza,67,9
135,TRUE,2020-05-16 15:41:10,2020-05-16 15:48:10,2020-05-16 15:52:10,2020-05-16 15:54:10,2020-05-16 16:00:10,,9471 Sullivan Way,69,4
136,TRUE,2020-05-02 20:06:16,2020-05-02 20:07:16,2020-05-02 20:16:16,2020-05-02 20:25:16,2020-05-02 20:33:16,tincidunt nulla mollis molestie lorem quisque ut erat curabitur gravida nisi at nibh in hac habitasse platea dictumst aliquam augue,9 Londonderry Circle,71,6
137,TRUE,2020-05-06 14:12:17,2020-05-06 14:13:17,2020-05-06 14:22:17,2020-05-06 14:28:17,2020-05-06 14:33:17,,91924 Schiller Road,73,7
138,TRUE,2020-05-01 11:11:26,2020-05-01 11:18:26,2020-05-01 11:19:26,2020-05-01 11:22:26,2020-05-01 11:30:26,,05848 Scoville Crossing,75,4
139,TRUE,2020-05-23 20:28:29,2020-05-23 20:37:29,2020-05-23 20:39:29,2020-05-23 20:48:29,2020-05-23 20:53:29,,50 Spaight Point,77,2
140,TRUE,2020-05-12 14:45:21,2020-05-12 14:52:21,2020-05-12 14:58:21,2020-05-12 15:04:21,2020-05-12 15:10:21,,8 Westerfield Avenue,79,6
141,TRUE,2020-05-26 13:28:08,2020-05-26 13:33:08,2020-05-26 13:35:08,2020-05-26 13:42:08,2020-05-26 13:46:08,,6 Vera Junction,81,5
142,TRUE,2020-05-18 15:51:22,2020-05-18 15:51:22,2020-05-18 15:52:22,2020-05-18 15:57:22,2020-05-18 15:59:22,,3 Pond Street,83,4
143,TRUE,2020-05-21 15:36:16,2020-05-21 15:37:16,2020-05-21 15:37:16,2020-05-21 15:43:16,2020-05-21 15:43:16,,94503 Schmedeman Hill,85,3
144,TRUE,2020-05-28 18:27:29,2020-05-28 18:30:29,2020-05-28 18:34:29,2020-05-28 18:43:29,2020-05-28 18:49:29,ultrices aliquet maecenas leo odio condimentum id luctus nec molestie,5 Everett Parkway,87,6
145,TRUE,2020-05-30 15:22:19,2020-05-30 15:27:19,2020-05-30 15:34:19,2020-05-30 15:41:19,2020-05-30 15:47:19,,08 Eggendart Trail,89,3
146,TRUE,2020-05-17 17:54:13,2020-05-17 17:59:13,2020-05-17 18:05:13,2020-05-17 18:11:13,2020-05-17 18:14:13,in tempor turpis nec euismod scelerisque quam turpis adipiscing lorem vitae mattis nibh ligula,67720 Center Point,91,5
147,TRUE,2020-05-02 12:02:03,2020-05-02 12:10:03,2020-05-02 12:18:03,2020-05-02 12:18:03,2020-05-02 12:21:03,sapien cursus vestibulum proin eu mi nulla ac enim in tempor turpis nec euismod scelerisque quam turpis,0413 Beilfuss Park,93,1
148,TRUE,2020-05-21 19:12:37,2020-05-21 19:16:37,2020-05-21 19:23:37,2020-05-21 19:29:37,2020-05-21 19:29:37,,72 Dorton Point,95,7
149,TRUE,2020-05-26 12:45:01,2020-05-26 12:46:01,2020-05-26 12:52:01,2020-05-26 12:59:01,2020-05-26 13:03:01,,82 Monterey Drive,97,6
150,TRUE,2020-05-16 20:55:19,2020-05-16 20:59:19,2020-05-16 21:04:19,2020-05-16 21:10:19,2020-05-16 21:12:19,iaculis congue vivamus metus arcu adipiscing molestie hendrerit at vulputate,9 Grayhawk Trail,99,4
151,TRUE,2020-05-29 20:39:24,2020-05-29 20:40:24,2020-05-29 20:42:24,2020-05-29 20:46:24,2020-05-29 20:47:24,,05304 Darwin Crossing,2,1
152,TRUE,2020-05-10 17:59:26,2020-05-10 18:04:26,2020-05-10 18:13:26,2020-05-10 18:20:26,2020-05-10 18:24:26,,017 John Wall Drive,4,5
153,TRUE,2020-05-22 10:30:50,2020-05-22 10:38:50,2020-05-22 10:41:50,2020-05-22 10:45:50,2020-05-22 10:50:50,consequat dui nec nisi volutpat eleifend donec ut dolor morbi vel lectus in quam fringilla rhoncus mauris enim leo,019 Drewry Park,6,2
154,TRUE,2020-05-10 12:46:05,2020-05-10 12:51:05,2020-05-10 12:57:05,2020-05-10 13:06:05,2020-05-10 13:09:05,,20 Miller Avenue,8,1
155,TRUE,2020-05-07 17:55:47,2020-05-07 18:00:47,2020-05-07 18:09:47,2020-05-07 18:11:47,2020-05-07 18:13:47,,34 Buena Vista Drive,10,10
156,TRUE,2020-05-20 13:55:26,2020-05-20 14:01:26,2020-05-20 14:07:26,2020-05-20 14:11:26,2020-05-20 14:11:26,,8 Division Road,12,1
157,TRUE,2020-05-08 12:46:53,2020-05-08 12:51:53,2020-05-08 12:51:53,2020-05-08 12:54:53,2020-05-08 12:54:53,,22 Clarendon Center,14,6
158,TRUE,2020-05-10 15:42:05,2020-05-10 15:46:05,2020-05-10 15:52:05,2020-05-10 16:00:05,2020-05-10 16:02:05,aliquet pulvinar sed nisl nunc rhoncus dui vel sem sed sagittis nam congue risus semper porta,79 Eggendart Drive,16,1
159,TRUE,2020-05-29 14:59:11,2020-05-29 15:08:11,2020-05-29 15:17:11,2020-05-29 15:20:11,2020-05-29 15:22:11,,96505 Fordem Trail,18,3
160,TRUE,2020-05-05 20:25:10,2020-05-05 20:29:10,2020-05-05 20:35:10,2020-05-05 20:37:10,2020-05-05 20:44:10,,3246 Moulton Avenue,20,6
161,TRUE,2020-05-04 16:44:25,2020-05-04 16:52:25,2020-05-04 16:54:25,2020-05-04 16:54:25,2020-05-04 16:58:25,,83631 Gina Drive,22,9
162,TRUE,2020-05-19 14:57:40,2020-05-19 15:02:40,2020-05-19 15:04:40,2020-05-19 15:05:40,2020-05-19 15:09:40,,4 Riverside Junction,24,5
163,TRUE,2020-05-16 13:55:45,2020-05-16 13:55:45,2020-05-16 13:59:45,2020-05-16 14:07:45,2020-05-16 14:12:45,,570 Barnett Lane,26,9
164,TRUE,2020-05-10 11:05:28,2020-05-10 11:05:28,2020-05-10 11:10:28,2020-05-10 11:18:28,2020-05-10 11:25:28,facilisi cras non velit nec nisi vulputate nonummy maecenas tincidunt,9826 Superior Circle,28,5
165,TRUE,2020-05-11 14:12:31,2020-05-11 14:15:31,2020-05-11 14:23:31,2020-05-11 14:32:31,2020-05-11 14:39:31,,4 Dayton Alley,30,6
166,TRUE,2020-05-16 21:13:26,2020-05-16 21:19:26,2020-05-16 21:23:26,2020-05-16 21:32:26,2020-05-16 21:38:26,,5409 Express Place,32,8
167,TRUE,2020-05-20 10:46:56,2020-05-20 10:49:56,2020-05-20 10:52:56,2020-05-20 10:55:56,2020-05-20 10:56:56,tristique est et tempus semper est quam pharetra magna ac consequat metus sapien ut nunc vestibulum ante ipsum,8 Novick Way,34,10
168,TRUE,2020-05-10 17:36:37,2020-05-10 17:42:37,2020-05-10 17:50:37,2020-05-10 17:53:37,2020-05-10 17:58:37,,73 Forest Run Trail,36,7
169,TRUE,2020-05-22 19:17:48,2020-05-22 19:20:48,2020-05-22 19:21:48,2020-05-22 19:26:48,2020-05-22 19:31:48,,12568 Granby Plaza,38,10
170,TRUE,2020-05-26 11:30:06,2020-05-26 11:33:06,2020-05-26 11:36:06,2020-05-26 11:36:06,2020-05-26 11:44:06,,129 Eagle Crest Pass,40,8
171,TRUE,2020-05-20 12:55:19,2020-05-20 12:57:19,2020-05-20 13:01:19,2020-05-20 13:08:19,2020-05-20 13:16:19,luctus rutrum nulla tellus in sagittis dui vel nisl duis,99 Canary Court,42,10
172,TRUE,2020-05-27 21:46:06,2020-05-27 21:53:06,2020-05-27 22:01:06,2020-05-27 22:01:06,2020-05-27 22:06:06,consequat lectus in est risus auctor sed tristique in tempus sit amet sem fusce consequat nulla,35507 Westerfield Trail,44,4
173,TRUE,2020-05-29 17:56:27,2020-05-29 17:58:27,2020-05-29 18:03:27,2020-05-29 18:04:27,2020-05-29 18:12:27,,209 Fairview Park,46,5
174,TRUE,2020-05-22 18:34:03,2020-05-22 18:35:03,2020-05-22 18:40:03,2020-05-22 18:46:03,2020-05-22 18:48:03,eget elit sodales scelerisque mauris sit amet eros suspendisse accumsan tortor,863 Sachs Court,48,7
175,TRUE,2020-05-28 17:55:49,2020-05-28 17:57:49,2020-05-28 18:01:49,2020-05-28 18:03:49,2020-05-28 18:10:49,,05 Stephen Hill,50,6
176,TRUE,2020-05-27 15:03:09,2020-05-27 15:12:09,2020-05-27 15:17:09,2020-05-27 15:24:09,2020-05-27 15:31:09,,493 Holy Cross Terrace,52,4
177,TRUE,2020-05-03 13:40:59,2020-05-03 13:47:59,2020-05-03 13:50:59,2020-05-03 13:52:59,2020-05-03 14:00:59,lacinia nisi venenatis tristique fusce congue diam id ornare imperdiet sapien urna,216 Briar Crest Drive,54,1
178,TRUE,2020-05-19 13:15:07,2020-05-19 13:19:07,2020-05-19 13:28:07,2020-05-19 13:33:07,2020-05-19 13:38:07,,2569 Dunning Point,56,4
179,TRUE,2020-05-26 14:49:14,2020-05-26 14:56:14,2020-05-26 15:02:14,2020-05-26 15:09:14,2020-05-26 15:10:14,,7276 Crescent Oaks Trail,58,5
180,TRUE,2020-05-27 18:26:21,2020-05-27 18:31:21,2020-05-27 18:38:21,2020-05-27 18:46:21,2020-05-27 18:47:21,,7703 Banding Street,60,8
181,TRUE,2020-05-01 19:28:17,2020-05-01 19:28:17,2020-05-01 19:31:17,2020-05-01 19:35:17,2020-05-01 19:38:17,sem duis aliquam convallis nunc proin at turpis a pede posuere nonummy integer non velit donec diam neque vestibulum eget,061 Ryan Avenue,62,8
182,TRUE,2020-05-22 19:01:40,2020-05-22 19:06:40,2020-05-22 19:11:40,2020-05-22 19:14:40,2020-05-22 19:19:40,blandit lacinia erat vestibulum sed magna at nunc commodo placerat praesent blandit nam nulla integer pede,2330 Summit Crossing,64,10
183,TRUE,2020-05-28 11:56:38,2020-05-28 12:05:38,2020-05-28 12:13:38,2020-05-28 12:14:38,2020-05-28 12:21:38,,8724 Burning Wood Road,66,5
184,TRUE,2020-05-02 12:06:51,2020-05-02 12:10:51,2020-05-02 12:10:51,2020-05-02 12:19:51,2020-05-02 12:23:51,quisque ut erat curabitur gravida nisi at nibh in hac habitasse platea dictumst aliquam augue quam,2 Stang Junction,68,2
185,TRUE,2020-05-04 16:38:37,2020-05-04 16:41:37,2020-05-04 16:48:37,2020-05-04 16:57:37,2020-05-04 17:04:37,non lectus aliquam sit amet diam in magna bibendum imperdiet nullam orci pede venenatis non sodales,6 Karstens Park,70,6
186,TRUE,2020-05-30 16:43:36,2020-05-30 16:52:36,2020-05-30 16:53:36,2020-05-30 16:57:36,2020-05-30 17:06:36,,4307 Mosinee Parkway,72,4
187,TRUE,2020-05-04 21:26:05,2020-05-04 21:30:05,2020-05-04 21:33:05,2020-05-04 21:36:05,2020-05-04 21:40:05,at vulputate vitae nisl aenean lectus pellentesque eget nunc donec quis orci eget orci vehicula condimentum curabitur in libero,7747 Haas Lane,74,1
188,TRUE,2020-05-25 20:50:02,2020-05-25 20:58:02,2020-05-25 21:07:02,2020-05-25 21:10:02,2020-05-25 21:17:02,,053 Corscot Place,76,5
189,TRUE,2020-05-16 19:40:56,2020-05-16 19:44:56,2020-05-16 19:48:56,2020-05-16 19:53:56,2020-05-16 19:54:56,,09 Service Way,78,2
190,TRUE,2020-05-04 18:53:48,2020-05-04 19:02:48,2020-05-04 19:10:48,2020-05-04 19:14:48,2020-05-04 19:22:48,,38 4th Center,80,4
191,TRUE,2020-05-16 11:06:57,2020-05-16 11:12:57,2020-05-16 11:21:57,2020-05-16 11:23:57,2020-05-16 11:23:57,,7 Hansons Court,82,3
192,TRUE,2020-05-19 12:44:02,2020-05-19 12:52:02,2020-05-19 12:59:02,2020-05-19 13:04:02,2020-05-19 13:10:02,,28 East Way,84,3
193,TRUE,2020-05-26 16:08:45,2020-05-26 16:09:45,2020-05-26 16:17:45,2020-05-26 16:20:45,2020-05-26 16:28:45,enim in tempor turpis nec euismod scelerisque quam turpis adipiscing lorem vitae mattis nibh,826 Green Ridge Crossing,86,2
194,TRUE,2020-05-02 14:10:53,2020-05-02 14:16:53,2020-05-02 14:20:53,2020-05-02 14:24:53,2020-05-02 14:31:53,,19917 Bartelt Plaza,88,6
195,TRUE,2020-05-07 11:02:03,2020-05-07 11:06:03,2020-05-07 11:13:03,2020-05-07 11:21:03,2020-05-07 11:22:03,erat nulla tempus vivamus in felis eu sapien cursus vestibulum,7 Dakota Way,90,2
196,TRUE,2020-05-28 20:06:50,2020-05-28 20:12:50,2020-05-28 20:20:50,2020-05-28 20:23:50,2020-05-28 20:25:50,,07 Esch Road,92,10
197,TRUE,2020-05-12 21:17:05,2020-05-12 21:26:05,2020-05-12 21:29:05,2020-05-12 21:35:05,2020-05-12 21:37:05,,565 Waywood Park,94,3
198,TRUE,2020-05-16 12:26:17,2020-05-16 12:29:17,2020-05-16 12:34:17,2020-05-16 12:35:17,2020-05-16 12:41:17,,1 South Junction,96,2
199,TRUE,2020-05-03 12:51:38,2020-05-03 13:00:38,2020-05-03 13:05:38,2020-05-03 13:06:38,2020-05-03 13:14:38,,6 Mitchell Circle,98,9
200,TRUE,2020-05-21 14:25:06,2020-05-21 14:34:06,2020-05-21 14:40:06,2020-05-21 14:44:06,2020-05-21 14:51:06,,93023 Del Sol Drive,100,10
201,TRUE,2020-06-25 13:20:08,2020-06-25 13:20:08,2020-06-25 13:22:08,2020-06-25 13:26:08,2020-06-25 13:30:08,,2804 Lighthouse Bay Plaza,1,9
202,TRUE,2020-06-23 20:31:10,2020-06-23 20:35:10,2020-06-23 20:39:10,2020-06-23 20:46:10,2020-06-23 20:46:10,,377 Dayton Place,3,7
203,TRUE,2020-06-17 11:58:08,2020-06-17 12:07:08,2020-06-17 12:11:08,2020-06-17 12:15:08,2020-06-17 12:21:08,,52 Sachtjen Circle,5,2
204,TRUE,2020-06-10 18:44:01,2020-06-10 18:47:01,2020-06-10 18:49:01,2020-06-10 18:51:01,2020-06-10 18:54:01,,635 Lukken Circle,7,3
205,TRUE,2020-06-13 15:27:50,2020-06-13 15:28:50,2020-06-13 15:33:50,2020-06-13 15:38:50,2020-06-13 15:38:50,pellentesque ultrices mattis odio donec vitae nisi nam ultrices libero non mattis pulvinar nulla pede,7 Shoshone Center,9,9
206,TRUE,2020-06-06 19:25:30,2020-06-06 19:30:30,2020-06-06 19:31:30,2020-06-06 19:38:30,2020-06-06 19:41:30,,97 Blue Bill Park Court,11,1
207,TRUE,2020-06-22 14:14:34,2020-06-22 14:20:34,2020-06-22 14:29:34,2020-06-22 14:32:34,2020-06-22 14:40:34,,0538 Hoffman Parkway,13,10
208,TRUE,2020-06-16 15:54:18,2020-06-16 15:58:18,2020-06-16 16:00:18,2020-06-16 16:01:18,2020-06-16 16:09:18,,0 Spohn Way,15,4
209,TRUE,2020-06-02 17:01:22,2020-06-02 17:02:22,2020-06-02 17:10:22,2020-06-02 17:10:22,2020-06-02 17:15:22,,9066 Brown Pass,17,2
210,TRUE,2020-06-20 18:21:19,2020-06-20 18:22:19,2020-06-20 18:29:19,2020-06-20 18:32:19,2020-06-20 18:40:19,,7 Oneill Point,19,10
211,TRUE,2020-06-05 11:52:04,2020-06-05 11:54:04,2020-06-05 12:03:04,2020-06-05 12:09:04,2020-06-05 12:13:04,,285 Hollow Ridge Drive,21,10
212,TRUE,2020-06-24 19:05:27,2020-06-24 19:11:27,2020-06-24 19:13:27,2020-06-24 19:17:27,2020-06-24 19:18:27,eu mi nulla ac enim in tempor turpis nec euismod scelerisque quam turpis adipiscing lorem,43115 Towne Center,23,9
213,TRUE,2020-06-26 21:08:04,2020-06-26 21:17:04,2020-06-26 21:22:04,2020-06-26 21:25:04,2020-06-26 21:28:04,,57304 Barnett Hill,25,4
214,TRUE,2020-06-20 15:56:49,2020-06-20 16:05:49,2020-06-20 16:12:49,2020-06-20 16:21:49,2020-06-20 16:23:49,nibh fusce lacus purus aliquet at feugiat non pretium quis lectus,04 Ryan Road,27,6
215,TRUE,2020-06-28 10:13:14,2020-06-28 10:14:14,2020-06-28 10:18:14,2020-06-28 10:19:14,2020-06-28 10:19:14,,367 Lillian Hill,29,4
216,TRUE,2020-06-17 21:41:47,2020-06-17 21:42:47,2020-06-17 21:46:47,2020-06-17 21:51:47,2020-06-17 21:54:47,,89396 Anhalt Trail,31,5
217,TRUE,2020-06-13 12:20:39,2020-06-13 12:21:39,2020-06-13 12:22:39,2020-06-13 12:22:39,2020-06-13 12:30:39,,5116 Farmco Trail,33,6
218,TRUE,2020-06-14 10:40:22,2020-06-14 10:49:22,2020-06-14 10:49:22,2020-06-14 10:54:22,2020-06-14 11:00:22,eu orci mauris lacinia sapien quis libero nullam sit amet turpis elementum ligula,8710 Ryan Way,35,6
219,TRUE,2020-06-16 17:31:03,2020-06-16 17:35:03,2020-06-16 17:35:03,2020-06-16 17:38:03,2020-06-16 17:44:03,,8113 Brickson Park Place,37,10
220,TRUE,2020-06-26 16:38:41,2020-06-26 16:38:41,2020-06-26 16:39:41,2020-06-26 16:42:41,2020-06-26 16:50:41,consequat morbi a ipsum integer a nibh in quis justo maecenas rhoncus aliquam lacus morbi,9 Sage Trail,39,5
221,TRUE,2020-06-12 17:40:50,2020-06-12 17:49:50,2020-06-12 17:51:50,2020-06-12 17:53:50,2020-06-12 17:55:50,,1 Bartillon Trail,41,4
222,TRUE,2020-06-11 11:08:41,2020-06-11 11:15:41,2020-06-11 11:20:41,2020-06-11 11:27:41,2020-06-11 11:36:41,natoque penatibus et magnis dis parturient montes nascetur ridiculus mus vivamus vestibulum sagittis sapien cum sociis natoque,91131 Clemons Lane,43,7
223,TRUE,2020-06-17 18:56:07,2020-06-17 19:03:07,2020-06-17 19:07:07,2020-06-17 19:09:07,2020-06-17 19:13:07,risus praesent lectus vestibulum quam sapien varius ut blandit non interdum in ante vestibulum ante ipsum primis,39829 Ryan Point,45,4
224,TRUE,2020-06-14 10:19:27,2020-06-14 10:26:27,2020-06-14 10:27:27,2020-06-14 10:35:27,2020-06-14 10:44:27,,57601 Welch Alley,47,5
225,TRUE,2020-06-15 15:17:26,2020-06-15 15:17:26,2020-06-15 15:18:26,2020-06-15 15:24:26,2020-06-15 15:25:26,,59117 Havey Junction,49,10
226,TRUE,2020-06-13 16:31:39,2020-06-13 16:34:39,2020-06-13 16:39:39,2020-06-13 16:39:39,2020-06-13 16:46:39,,14674 Sutteridge Way,51,2
227,TRUE,2020-06-12 17:22:15,2020-06-12 17:27:15,2020-06-12 17:27:15,2020-06-12 17:29:15,2020-06-12 17:36:15,blandit ultrices enim lorem ipsum dolor sit amet consectetuer adipiscing elit proin interdum mauris non ligula pellentesque ultrices phasellus,9965 Golf View Street,53,6
228,TRUE,2020-06-12 18:08:23,2020-06-12 18:14:23,2020-06-12 18:19:23,2020-06-12 18:19:23,2020-06-12 18:25:23,id ornare imperdiet sapien urna pretium nisl ut volutpat sapien,05445 Mayfield Place,55,3
229,TRUE,2020-06-09 16:45:47,2020-06-09 16:49:47,2020-06-09 16:51:47,2020-06-09 16:58:47,2020-06-09 17:04:47,,676 Katie Junction,57,3
230,TRUE,2020-06-28 14:35:47,2020-06-28 14:42:47,2020-06-28 14:49:47,2020-06-28 14:54:47,2020-06-28 15:01:47,,902 Beilfuss Pass,59,9
231,TRUE,2020-06-23 14:36:01,2020-06-23 14:42:01,2020-06-23 14:46:01,2020-06-23 14:54:01,2020-06-23 15:03:01,rhoncus sed vestibulum sit amet cursus id turpis integer aliquet massa id lobortis,5 Coolidge Drive,61,10
232,TRUE,2020-06-25 15:08:34,2020-06-25 15:14:34,2020-06-25 15:22:34,2020-06-25 15:25:34,2020-06-25 15:27:34,interdum in ante vestibulum ante ipsum primis in faucibus orci luctus et ultrices posuere cubilia,1464 Green Crossing,63,1
233,TRUE,2020-06-14 13:47:15,2020-06-14 13:52:15,2020-06-14 13:57:15,2020-06-14 13:57:15,2020-06-14 14:01:15,,2561 Mayer Pass,65,8
234,TRUE,2020-06-15 18:33:56,2020-06-15 18:42:56,2020-06-15 18:45:56,2020-06-15 18:45:56,2020-06-15 18:50:56,vitae mattis nibh ligula nec sem duis aliquam convallis nunc proin at turpis,40428 Nobel Center,67,1
235,TRUE,2020-06-27 16:48:12,2020-06-27 16:48:12,2020-06-27 16:48:12,2020-06-27 16:51:12,2020-06-27 16:54:12,,4188 Steensland Parkway,69,9
236,TRUE,2020-06-03 18:14:46,2020-06-03 18:16:46,2020-06-03 18:17:46,2020-06-03 18:26:46,2020-06-03 18:28:46,,40 Holmberg Court,71,5
237,TRUE,2020-06-14 21:48:57,2020-06-14 21:55:57,2020-06-14 22:03:57,2020-06-14 22:05:57,2020-06-14 22:05:57,,191 Sauthoff Point,73,3
238,TRUE,2020-06-06 20:37:55,2020-06-06 20:43:55,2020-06-06 20:44:55,2020-06-06 20:49:55,2020-06-06 20:50:55,,3 Katie Plaza,75,5
239,TRUE,2020-06-11 12:03:57,2020-06-11 12:03:57,2020-06-11 12:07:57,2020-06-11 12:15:57,2020-06-11 12:17:57,,99085 Continental Point,77,6
240,TRUE,2020-06-10 12:21:16,2020-06-10 12:30:16,2020-06-10 12:39:16,2020-06-10 12:41:16,2020-06-10 12:49:16,,0929 Jana Center,79,7
241,TRUE,2020-06-01 20:45:51,2020-06-01 20:54:51,2020-06-01 21:01:51,2020-06-01 21:08:51,2020-06-01 21:14:51,,30 Annamark Lane,81,4
242,TRUE,2020-06-17 13:56:48,2020-06-17 13:59:48,2020-06-17 14:02:48,2020-06-17 14:04:48,2020-06-17 14:13:48,fringilla rhoncus mauris enim leo rhoncus sed vestibulum sit amet cursus id turpis integer aliquet massa id lobortis convallis tortor,907 Declaration Way,83,10
243,TRUE,2020-06-11 16:01:44,2020-06-11 16:04:44,2020-06-11 16:08:44,2020-06-11 16:08:44,2020-06-11 16:09:44,mauris non ligula pellentesque ultrices phasellus id sapien in sapien iaculis,48 Hermina Lane,85,2
244,TRUE,2020-06-13 10:48:55,2020-06-13 10:55:55,2020-06-13 11:00:55,2020-06-13 11:08:55,2020-06-13 11:10:55,,52 Goodland Parkway,87,3
245,TRUE,2020-06-02 13:33:51,2020-06-02 13:39:51,2020-06-02 13:39:51,2020-06-02 13:39:51,2020-06-02 13:41:51,,865 Claremont Lane,89,1
246,TRUE,2020-06-03 13:57:42,2020-06-03 13:59:42,2020-06-03 14:07:42,2020-06-03 14:07:42,2020-06-03 14:11:42,,7599 Longview Pass,91,4
247,TRUE,2020-06-26 21:08:27,2020-06-26 21:09:27,2020-06-26 21:13:27,2020-06-26 21:16:27,2020-06-26 21:25:27,donec ut mauris eget massa tempor convallis nulla neque libero convallis eget eleifend luctus ultricies,16503 Melody Hill,93,6
248,TRUE,2020-06-12 13:33:08,2020-06-12 13:42:08,2020-06-12 13:43:08,2020-06-12 13:50:08,2020-06-12 13:57:08,suspendisse potenti nullam porttitor lacus at turpis donec posuere metus vitae ipsum aliquam non mauris morbi non lectus aliquam sit,92294 Little Fleur Street,95,3
249,TRUE,2020-06-20 10:48:53,2020-06-20 10:52:53,2020-06-20 10:56:53,2020-06-20 11:05:53,2020-06-20 11:10:53,augue luctus tincidunt nulla mollis molestie lorem quisque ut erat,73 Dakota Park,97,6
250,TRUE,2020-06-17 17:16:56,2020-06-17 17:19:56,2020-06-17 17:20:56,2020-06-17 17:25:56,2020-06-17 17:29:56,ut massa quis augue luctus tincidunt nulla mollis molestie lorem quisque,47198 Rockefeller Avenue,99,2
251,TRUE,2020-06-04 19:51:01,2020-06-04 19:51:01,2020-06-04 19:57:01,2020-06-04 19:57:01,2020-06-04 20:01:01,,1282 Mallard Center,2,5
252,TRUE,2020-06-02 18:56:12,2020-06-02 19:02:12,2020-06-02 19:04:12,2020-06-02 19:04:12,2020-06-02 19:09:12,,40 American Drive,4,4
253,TRUE,2020-06-02 21:37:28,2020-06-02 21:38:28,2020-06-02 21:39:28,2020-06-02 21:41:28,2020-06-02 21:46:28,,6752 Maple Plaza,6,10
254,TRUE,2020-06-27 13:45:48,2020-06-27 13:54:48,2020-06-27 13:56:48,2020-06-27 14:04:48,2020-06-27 14:08:48,,2 Jackson Hill,8,10
255,TRUE,2020-06-13 21:21:41,2020-06-13 21:21:41,2020-06-13 21:30:41,2020-06-13 21:36:41,2020-06-13 21:43:41,in faucibus orci luctus et ultrices posuere cubilia curae mauris viverra diam vitae quam suspendisse potenti nullam porttitor lacus at,6655 Kings Hill,10,6
256,TRUE,2020-06-12 16:15:28,2020-06-12 16:19:28,2020-06-12 16:27:28,2020-06-12 16:28:28,2020-06-12 16:32:28,eu mi nulla ac enim in tempor turpis nec euismod scelerisque quam turpis adipiscing lorem vitae mattis,07 Fisk Pass,12,9
257,TRUE,2020-06-11 17:37:15,2020-06-11 17:40:15,2020-06-11 17:48:15,2020-06-11 17:52:15,2020-06-11 18:01:15,tortor duis mattis egestas metus aenean fermentum donec ut mauris eget massa tempor convallis nulla neque,62607 Del Mar Trail,14,7
258,TRUE,2020-06-28 11:38:12,2020-06-28 11:39:12,2020-06-28 11:41:12,2020-06-28 11:41:12,2020-06-28 11:47:12,,8 Knutson Point,16,2
259,TRUE,2020-06-27 17:18:51,2020-06-27 17:27:51,2020-06-27 17:29:51,2020-06-27 17:31:51,2020-06-27 17:35:51,,89 Rusk Place,18,2
260,TRUE,2020-06-22 21:49:35,2020-06-22 21:49:35,2020-06-22 21:52:35,2020-06-22 21:59:35,2020-06-22 22:02:35,,5 Lien Trail,20,2
261,TRUE,2020-06-25 12:10:12,2020-06-25 12:18:12,2020-06-25 12:21:12,2020-06-25 12:30:12,2020-06-25 12:30:12,,126 Cascade Park,22,6
262,TRUE,2020-06-03 12:16:20,2020-06-03 12:17:20,2020-06-03 12:17:20,2020-06-03 12:17:20,2020-06-03 12:17:20,,676 Caliangt Point,24,4
263,TRUE,2020-06-14 21:01:30,2020-06-14 21:08:30,2020-06-14 21:17:30,2020-06-14 21:19:30,2020-06-14 21:20:30,nullam orci pede venenatis non sodales sed tincidunt eu felis fusce posuere felis sed lacus morbi sem,29 Merry Circle,26,8
264,TRUE,2020-06-25 14:54:42,2020-06-25 14:55:42,2020-06-25 15:01:42,2020-06-25 15:02:42,2020-06-25 15:03:42,,8 Reindahl Drive,28,8
265,TRUE,2020-06-15 14:57:16,2020-06-15 15:05:16,2020-06-15 15:07:16,2020-06-15 15:09:16,2020-06-15 15:09:16,,256 Donald Avenue,30,5
266,TRUE,2020-06-15 19:52:16,2020-06-15 20:01:16,2020-06-15 20:01:16,2020-06-15 20:06:16,2020-06-15 20:13:16,cubilia curae duis faucibus accumsan odio curabitur convallis duis consequat dui nec nisi volutpat eleifend donec,03 Florence Avenue,32,7
267,TRUE,2020-06-07 15:36:50,2020-06-07 15:42:50,2020-06-07 15:51:50,2020-06-07 15:56:50,2020-06-07 16:03:50,,4 Russell Junction,34,8
268,TRUE,2020-06-07 20:15:37,2020-06-07 20:21:37,2020-06-07 20:22:37,2020-06-07 20:31:37,2020-06-07 20:39:37,,002 Summerview Alley,36,1
269,TRUE,2020-06-24 17:48:13,2020-06-24 17:55:13,2020-06-24 18:00:13,2020-06-24 18:06:13,2020-06-24 18:14:13,,410 Killdeer Lane,38,4
270,TRUE,2020-06-06 10:02:16,2020-06-06 10:08:16,2020-06-06 10:16:16,2020-06-06 10:19:16,2020-06-06 10:21:16,tortor quis turpis sed ante vivamus tortor duis mattis egestas metus aenean fermentum donec ut,08024 Menomonie Way,40,9
271,TRUE,2020-06-18 15:04:32,2020-06-18 15:08:32,2020-06-18 15:12:32,2020-06-18 15:19:32,2020-06-18 15:27:32,,5684 Thierer Road,42,2
272,TRUE,2020-06-05 15:51:30,2020-06-05 15:51:30,2020-06-05 15:56:30,2020-06-05 16:03:30,2020-06-05 16:05:30,eleifend donec ut dolor morbi vel lectus in quam fringilla rhoncus mauris,10 Mcguire Terrace,44,8
273,TRUE,2020-06-25 19:23:14,2020-06-25 19:24:14,2020-06-25 19:33:14,2020-06-25 19:40:14,2020-06-25 19:49:14,,2274 Nobel Pass,46,10
274,TRUE,2020-06-17 19:07:53,2020-06-17 19:16:53,2020-06-17 19:19:53,2020-06-17 19:22:53,2020-06-17 19:22:53,viverra dapibus nulla suscipit ligula in lacus curabitur at ipsum ac tellus semper interdum mauris ullamcorper purus sit,21 Mccormick Trail,48,6
275,TRUE,2020-06-26 18:46:08,2020-06-26 18:50:08,2020-06-26 18:58:08,2020-06-26 18:58:08,2020-06-26 18:59:08,ipsum dolor sit amet consectetuer adipiscing elit proin interdum mauris non ligula pellentesque ultrices phasellus id sapien,9170 Reinke Street,50,2
276,TRUE,2020-06-15 17:52:50,2020-06-15 17:55:50,2020-06-15 17:59:50,2020-06-15 18:07:50,2020-06-15 18:08:50,sem sed sagittis nam congue risus semper porta volutpat quam pede lobortis ligula,1770 Ryan Parkway,52,5
277,TRUE,2020-06-26 12:11:25,2020-06-26 12:13:25,2020-06-26 12:20:25,2020-06-26 12:24:25,2020-06-26 12:29:25,,702 Declaration Park,54,4
278,TRUE,2020-06-26 20:18:22,2020-06-26 20:18:22,2020-06-26 20:27:22,2020-06-26 20:28:22,2020-06-26 20:33:22,,7793 Delaware Drive,56,5
279,TRUE,2020-06-02 19:37:00,2020-06-02 19:40:00,2020-06-02 19:40:00,2020-06-02 19:48:00,2020-06-02 19:53:00,amet eros suspendisse accumsan tortor quis turpis sed ante vivamus tortor duis,460 Dorton Plaza,58,8
280,TRUE,2020-06-29 13:08:57,2020-06-29 13:17:57,2020-06-29 13:17:57,2020-06-29 13:17:57,2020-06-29 13:26:57,in quis justo maecenas rhoncus aliquam lacus morbi quis tortor id nulla ultrices,269 5th Drive,60,9
281,TRUE,2020-06-07 18:43:08,2020-06-07 18:52:08,2020-06-07 18:54:08,2020-06-07 18:55:08,2020-06-07 18:55:08,a suscipit nulla elit ac nulla sed vel enim sit,24 Green Hill,62,5
282,TRUE,2020-06-14 15:41:34,2020-06-14 15:49:34,2020-06-14 15:51:34,2020-06-14 15:52:34,2020-06-14 15:54:34,adipiscing lorem vitae mattis nibh ligula nec sem duis aliquam convallis nunc proin at,1660 Old Gate Park,64,5
283,TRUE,2020-06-02 18:25:58,2020-06-02 18:34:58,2020-06-02 18:38:58,2020-06-02 18:46:58,2020-06-02 18:46:58,,317 Steensland Park,66,1
284,TRUE,2020-06-07 18:54:08,2020-06-07 18:57:08,2020-06-07 19:01:08,2020-06-07 19:03:08,2020-06-07 19:07:08,,749 La Follette Drive,68,8
285,TRUE,2020-06-13 10:44:04,2020-06-13 10:46:04,2020-06-13 10:54:04,2020-06-13 11:01:04,2020-06-13 11:08:04,,3 Pine View Street,70,3
286,TRUE,2020-06-13 14:09:04,2020-06-13 14:17:04,2020-06-13 14:21:04,2020-06-13 14:25:04,2020-06-13 14:32:04,faucibus orci luctus et ultrices posuere cubilia curae duis faucibus accumsan odio,560 Old Gate Hill,72,8
287,TRUE,2020-06-13 21:04:16,2020-06-13 21:11:16,2020-06-13 21:14:16,2020-06-13 21:22:16,2020-06-13 21:24:16,,313 Anzinger Point,74,7
288,TRUE,2020-06-10 13:22:33,2020-06-10 13:28:33,2020-06-10 13:32:33,2020-06-10 13:34:33,2020-06-10 13:36:33,,30 Mcbride Way,76,2
289,TRUE,2020-06-09 16:15:39,2020-06-09 16:18:39,2020-06-09 16:22:39,2020-06-09 16:22:39,2020-06-09 16:23:39,,28442 Barby Court,78,2
290,TRUE,2020-06-02 16:57:51,2020-06-02 17:06:51,2020-06-02 17:14:51,2020-06-02 17:21:51,2020-06-02 17:28:51,enim blandit mi in porttitor pede justo eu massa donec dapibus duis at velit eu est congue elementum in,25 Oneill Court,80,3
291,TRUE,2020-06-25 19:49:36,2020-06-25 19:52:36,2020-06-25 20:00:36,2020-06-25 20:06:36,2020-06-25 20:11:36,,4 Canary Way,82,6
292,TRUE,2020-06-19 14:09:39,2020-06-19 14:13:39,2020-06-19 14:13:39,2020-06-19 14:14:39,2020-06-19 14:16:39,venenatis turpis enim blandit mi in porttitor pede justo eu massa donec dapibus duis at velit,10 Boyd Trail,84,10
293,TRUE,2020-06-09 10:47:41,2020-06-09 10:48:41,2020-06-09 10:56:41,2020-06-09 10:56:41,2020-06-09 11:05:41,tempus sit amet sem fusce consequat nulla nisl nunc nisl duis bibendum felis sed interdum venenatis turpis,85455 Gulseth Place,86,5
294,TRUE,2020-06-19 21:40:30,2020-06-19 21:49:30,2020-06-19 21:51:30,2020-06-19 22:00:30,2020-06-19 22:08:30,nullam varius nulla facilisi cras non velit nec nisi vulputate nonummy maecenas tincidunt lacus at,16 Park Meadow Crossing,88,6
295,TRUE,2020-06-09 13:48:39,2020-06-09 13:51:39,2020-06-09 13:54:39,2020-06-09 13:59:39,2020-06-09 14:02:39,,358 Delaware Trail,90,9
296,TRUE,2020-06-27 13:14:45,2020-06-27 13:20:45,2020-06-27 13:22:45,2020-06-27 13:22:45,2020-06-27 13:28:45,ante ipsum primis in faucibus orci luctus et ultrices posuere cubilia curae nulla dapibus dolor vel est donec odio,0504 Lawn Plaza,92,1
297,TRUE,2020-06-02 20:38:33,2020-06-02 20:46:33,2020-06-02 20:54:33,2020-06-02 20:55:33,2020-06-02 20:55:33,non interdum in ante vestibulum ante ipsum primis in faucibus orci,5641 Bowman Crossing,94,5
298,TRUE,2020-06-04 17:54:35,2020-06-04 18:03:35,2020-06-04 18:06:35,2020-06-04 18:13:35,2020-06-04 18:19:35,lacus at turpis donec posuere metus vitae ipsum aliquam non mauris morbi non lectus aliquam,390 Oak Court,96,5
299,TRUE,2020-06-24 11:52:04,2020-06-24 12:01:04,2020-06-24 12:03:04,2020-06-24 12:06:04,2020-06-24 12:13:04,,208 Hanover Terrace,98,9
300,TRUE,2020-06-13 20:02:51,2020-06-13 20:02:51,2020-06-13 20:10:51,2020-06-13 20:18:51,2020-06-13 20:26:51,,864 Merchant Hill,100,3
